{
  "pgvector": {
    "a": {
      "1": {
        "recall_mean": 1.0,
        "recall_min": 1.0,
        "qps": 29.867346634662496,
        "p99_ms": 281.8226458260322,
        "pages_total_mean": 27344.25,
        "pages_hit_mean": 27344.25,
        "pages_read_mean": 0.0,
        "plan": "Custom Scan"
      },
      "5": {
        "recall_mean": 1.0,
        "recall_min": 1.0,
        "qps": 65.24020454512272,
        "p99_ms": 312.11805527098466,
        "pages_total_mean": 12741.05,
        "pages_hit_mean": 12741.05,
        "pages_read_mean": 0.0,
        "plan": "Custom Scan"
      },
      "10": {
        "recall_mean": 1.0,
        "recall_min": 1.0,
        "qps": 111.91858927814714,
        "p99_ms": 258.77170960535295,
        "pages_total_mean": 7890.95,
        "pages_hit_mean": 7890.95,
        "pages_read_mean": 0.0,
        "plan": "Custom Scan"
      },
      "40": {
        "recall_mean": 1.0,
        "recall_min": 1.0,
        "qps": 439.9076124091307,
        "p99_ms": 56.53370193555003,
        "pages_total_mean": 2553.95,
        "pages_hit_mean": 2553.95,
        "pages_read_mean": 0.0,
        "plan": "Custom Scan"
      },
      "80": {
        "recall_mean": 1.0,
        "recall_min": 1.0,
        "qps": 327.3351619019336,
        "p99_ms": 130.4392806091341,
        "pages_total_mean": 1433.3,
        "pages_hit_mean": 1433.3,
        "pages_read_mean": 0.0,
        "plan": "Custom Scan"
      }
    }
  },
  "pg_acorn_tier1_g1": {
    "a": {
      "1": {
        "recall_mean": 1.0,
        "recall_min": 1.0,
        "qps": 25.563642498697558,
        "p99_ms": 294.7906522348057,
        "pages_total_mean": 27352.0,
        "pages_hit_mean": 27352.0,
        "pages_read_mean": 0.0,
        "plan": "Custom Scan"
      },
      "5": {
        "recall_mean": 1.0,
        "recall_min": 1.0,
        "qps": 99.19455832662443,
        "p99_ms": 258.31358272465854,
        "pages_total_mean": 12718.1,
        "pages_hit_mean": 12718.1,
        "pages_read_mean": 0.0,
        "plan": "Custom Scan"
      },
      "10": {
        "recall_mean": 1.0,
        "recall_min": 1.0,
        "qps": 143.22910778542754,
        "p99_ms": 183.3159045584034,
        "pages_total_mean": 7871.4,
        "pages_hit_mean": 7871.4,
        "pages_read_mean": 0.0,
        "plan": "Custom Scan"
      },
      "40": {
        "recall_mean": 0.9860000000000001,
        "recall_min": 0.8,
        "qps": 227.1792188032497,
        "p99_ms": 65.92450496274975,
        "pages_total_mean": 1245.75,
        "pages_hit_mean": 1245.75,
        "pages_read_mean": 0.0,
        "plan": "Index Scan"
      },
      "80": {
        "recall_mean": 0.976,
        "recall_min": 0.8,
        "qps": 128.27624750827,
        "p99_ms": 305.7912797178131,
        "pages_total_mean": 1232.1,
        "pages_hit_mean": 1232.1,
        "pages_read_mean": 0.0,
        "plan": "Index Scan"
      }
    }
  },
  "pg_acorn_tier2_g1": {
    "a": {
      "1": {
        "recall_mean": 0.998,
        "recall_min": 0.9,
        "qps": 28.992026871544976,
        "p99_ms": 320.4628127429168,
        "pages_total_mean": 21953.2,
        "pages_hit_mean": 21953.2,
        "pages_read_mean": 0.0,
        "plan": "Index Scan"
      },
      "5": {
        "recall_mean": 0.9540000000000001,
        "recall_min": 0.8,
        "qps": 95.14819589235275,
        "p99_ms": 196.58803799073198,
        "pages_total_mean": 11021.35,
        "pages_hit_mean": 11021.35,
        "pages_read_mean": 0.0,
        "plan": "Index Scan"
      },
      "10": {
        "recall_mean": 0.89,
        "recall_min": 0.7,
        "qps": 86.1161876085203,
        "p99_ms": 286.124932825332,
        "pages_total_mean": 7683.3,
        "pages_hit_mean": 7683.3,
        "pages_read_mean": 0.0,
        "plan": "Index Scan"
      },
      "40": {
        "recall_mean": 0.93,
        "recall_min": 0.7,
        "qps": 1786.4696979052578,
        "p99_ms": 2.012973087839782,
        "pages_total_mean": 2352.4,
        "pages_hit_mean": 2352.4,
        "pages_read_mean": 0.0,
        "plan": "Index Scan"
      },
      "80": {
        "recall_mean": 0.94,
        "recall_min": 0.7,
        "qps": 1707.6659798914577,
        "p99_ms": 1.7510483984369782,
        "pages_total_mean": 2338.25,
        "pages_hit_mean": 2338.25,
        "pages_read_mean": 0.0,
        "plan": "Index Scan"
      }
    }
  },
  "pg_acorn_tier2_g2": {
    "a": {
      "1": {
        "recall_mean": 1.0,
        "recall_min": 1.0,
        "qps": 22.41295324196616,
        "p99_ms": 206.2878363556228,
        "pages_total_mean": 25970.3,
        "pages_hit_mean": 25970.3,
        "pages_read_mean": 0.0,
        "plan": "Index Scan"
      },
      "5": {
        "recall_mean": 0.992,
        "recall_min": 0.9,
        "qps": 63.76258277851892,
        "p99_ms": 233.23056198074474,
        "pages_total_mean": 16770.2,
        "pages_hit_mean": 16770.2,
        "pages_read_mean": 0.0,
        "plan": "Index Scan"
      },
      "10": {
        "recall_mean": 0.988,
        "recall_min": 0.9,
        "qps": 71.52605914908304,
        "p99_ms": 264.67781348153943,
        "pages_total_mean": 12697.8,
        "pages_hit_mean": 12697.8,
        "pages_read_mean": 0.0,
        "plan": "Index Scan"
      },
      "40": {
        "recall_mean": 0.9719999999999999,
        "recall_min": 0.8,
        "qps": 420.49788130088666,
        "p99_ms": 65.30310144182278,
        "pages_total_mean": 4158.35,
        "pages_hit_mean": 4158.35,
        "pages_read_mean": 0.0,
        "plan": "Index Scan"
      },
      "80": {
        "recall_mean": 0.9760000000000001,
        "recall_min": 0.9,
        "qps": 178.73650555455313,
        "p99_ms": 113.00978115410526,
        "pages_total_mean": 4144.5,
        "pages_hit_mean": 4144.5,
        "pages_read_mean": 0.0,
        "plan": "Index Scan"
      }
    }
  }
}