{
  "pgvector": {
    "a": {
      "1": {
        "recall_mean": 1.0,
        "recall_min": 1.0,
        "qps": 21.666951556542493,
        "p99_ms": 265.6656258483417,
        "pages_total_mean": 27420.25,
        "pages_hit_mean": 27420.25,
        "pages_read_mean": 0.0,
        "plan": "Custom Scan"
      },
      "5": {
        "recall_mean": 1.0,
        "recall_min": 1.0,
        "qps": 96.95060250454716,
        "p99_ms": 277.3835087951738,
        "pages_total_mean": 12790.8,
        "pages_hit_mean": 12790.8,
        "pages_read_mean": 0.0,
        "plan": "Custom Scan"
      },
      "10": {
        "recall_mean": 1.0,
        "recall_min": 1.0,
        "qps": 54.91780122959345,
        "p99_ms": 241.95078022778029,
        "pages_total_mean": 7893.5,
        "pages_hit_mean": 7893.5,
        "pages_read_mean": 0.0,
        "plan": "Custom Scan"
      },
      "40": {
        "recall_mean": 0.9880000000000001,
        "recall_min": 0.9,
        "qps": 1470.1877745996644,
        "p99_ms": 2.597213085973635,
        "pages_total_mean": 1253.6,
        "pages_hit_mean": 1253.6,
        "pages_read_mean": 0.0,
        "plan": "Index Scan"
      },
      "80": {
        "recall_mean": 0.982,
        "recall_min": 0.9,
        "qps": 187.80819781578901,
        "p99_ms": 216.78606904344613,
        "pages_total_mean": 1239.9,
        "pages_hit_mean": 1239.9,
        "pages_read_mean": 0.0,
        "plan": "Index Scan"
      }
    }
  },
  "pg_acorn_tier1_g1": {
    "a": {
      "1": {
        "recall_mean": 1.0,
        "recall_min": 1.0,
        "qps": 21.559552550758678,
        "p99_ms": 290.42565414449194,
        "pages_total_mean": 27348.4,
        "pages_hit_mean": 27348.4,
        "pages_read_mean": 0.0,
        "plan": "Custom Scan"
      },
      "5": {
        "recall_mean": 1.0,
        "recall_min": 1.0,
        "qps": 87.49257370951696,
        "p99_ms": 294.4015437259804,
        "pages_total_mean": 12677.9,
        "pages_hit_mean": 12677.9,
        "pages_read_mean": 0.0,
        "plan": "Custom Scan"
      },
      "10": {
        "recall_mean": 1.0,
        "recall_min": 1.0,
        "qps": 185.36952891178376,
        "p99_ms": 183.58822127920507,
        "pages_total_mean": 7905.3,
        "pages_hit_mean": 7905.3,
        "pages_read_mean": 0.0,
        "plan": "Custom Scan"
      },
      "40": {
        "recall_mean": 1.0,
        "recall_min": 1.0,
        "qps": 177.41935917412056,
        "p99_ms": 234.3791332026008,
        "pages_total_mean": 2523.9,
        "pages_hit_mean": 2523.9,
        "pages_read_mean": 0.0,
        "plan": "Custom Scan"
      },
      "80": {
        "recall_mean": 1.0,
        "recall_min": 1.0,
        "qps": 301.7084392235429,
        "p99_ms": 142.26630265475208,
        "pages_total_mean": 1385.65,
        "pages_hit_mean": 1385.65,
        "pages_read_mean": 0.0,
        "plan": "Custom Scan"
      }
    }
  },
  "pg_acorn_tier2_g1": {
    "a": {
      "1": {
        "recall_mean": 0.998,
        "recall_min": 0.9,
        "qps": 29.466282440811888,
        "p99_ms": 285.63580192509096,
        "pages_total_mean": 19638.35,
        "pages_hit_mean": 19638.35,
        "pages_read_mean": 0.0,
        "plan": "Index Scan"
      },
      "5": {
        "recall_mean": 0.9519999999999998,
        "recall_min": 0.8,
        "qps": 76.34802798716537,
        "p99_ms": 216.99237320339304,
        "pages_total_mean": 8715.0,
        "pages_hit_mean": 8715.0,
        "pages_read_mean": 0.0,
        "plan": "Index Scan"
      },
      "10": {
        "recall_mean": 0.8839999999999999,
        "recall_min": 0.7,
        "qps": 249.34636500741308,
        "p99_ms": 145.86267424281633,
        "pages_total_mean": 5338.65,
        "pages_hit_mean": 5338.65,
        "pages_read_mean": 0.0,
        "plan": "Index Scan"
      },
      "40": {
        "recall_mean": 0.926,
        "recall_min": 0.7,
        "qps": 1302.473029982942,
        "p99_ms": 9.113152136560512,
        "pages_total_mean": 1694.75,
        "pages_hit_mean": 1694.75,
        "pages_read_mean": 0.0,
        "plan": "Index Scan"
      },
      "80": {
        "recall_mean": 0.934,
        "recall_min": 0.7,
        "qps": 663.065611372909,
        "p99_ms": 52.7371170395052,
        "pages_total_mean": 933.2,
        "pages_hit_mean": 933.2,
        "pages_read_mean": 0.0,
        "plan": "Index Scan"
      }
    }
  },
  "pg_acorn_tier2_g2": {
    "a": {
      "1": {
        "recall_mean": 1.0,
        "recall_min": 1.0,
        "qps": 17.411059290395837,
        "p99_ms": 372.0653664600103,
        "pages_total_mean": 21853.15,
        "pages_hit_mean": 21853.15,
        "pages_read_mean": 0.0,
        "plan": "Index Scan"
      },
      "5": {
        "recall_mean": 0.992,
        "recall_min": 0.9,
        "qps": 127.27755070162917,
        "p99_ms": 265.5312745238188,
        "pages_total_mean": 12649.25,
        "pages_hit_mean": 12649.25,
        "pages_read_mean": 0.0,
        "plan": "Index Scan"
      },
      "10": {
        "recall_mean": 0.988,
        "recall_min": 0.9,
        "qps": 66.03125141331208,
        "p99_ms": 248.20185051881708,
        "pages_total_mean": 8588.25,
        "pages_hit_mean": 8588.25,
        "pages_read_mean": 0.0,
        "plan": "Index Scan"
      },
      "40": {
        "recall_mean": 0.9839999999999999,
        "recall_min": 0.8,
        "qps": 123.63508821707852,
        "p99_ms": 271.94774088449725,
        "pages_total_mean": 3024.6,
        "pages_hit_mean": 3024.6,
        "pages_read_mean": 0.0,
        "plan": "Index Scan"
      },
      "80": {
        "recall_mean": 0.9839999999999999,
        "recall_min": 0.9,
        "qps": 291.1685206899557,
        "p99_ms": 129.8789070954077,
        "pages_total_mean": 1702.1,
        "pages_hit_mean": 1702.1,
        "pages_read_mean": 0.0,
        "plan": "Index Scan"
      }
    }
  }
}