{
  "pgvector": {
    "a": {
      "1": {
        "recall_mean": 1.0,
        "recall_min": 1.0,
        "qps": 22.52887627474732,
        "p99_ms": 266.3602995313704,
        "pages_total_mean": 27353.3,
        "pages_hit_mean": 27353.3,
        "pages_read_mean": 0.0
      },
      "5": {
        "recall_mean": 1.0,
        "recall_min": 1.0,
        "qps": 79.84614031689564,
        "p99_ms": 232.45440561091522,
        "pages_total_mean": 12679.4,
        "pages_hit_mean": 12679.4,
        "pages_read_mean": 0.0
      },
      "10": {
        "recall_mean": 1.0,
        "recall_min": 1.0,
        "qps": 87.32122587267592,
        "p99_ms": 328.3615184586956,
        "pages_total_mean": 7904.9,
        "pages_hit_mean": 7904.9,
        "pages_read_mean": 0.0
      },
      "40": {
        "recall_mean": 1.0,
        "recall_min": 1.0,
        "qps": 194.68906956721108,
        "p99_ms": 73.40723820496346,
        "pages_total_mean": 2541.2,
        "pages_hit_mean": 2541.2,
        "pages_read_mean": 0.0
      },
      "80": {
        "recall_mean": 1.0,
        "recall_min": 1.0,
        "qps": 413.61157084820627,
        "p99_ms": 66.19486656039945,
        "pages_total_mean": 1440.55,
        "pages_hit_mean": 1440.55,
        "pages_read_mean": 0.0
      }
    }
  },
  "pg_acorn_tier1_g1": {
    "a": {
      "1": {
        "recall_mean": 1.0,
        "recall_min": 1.0,
        "qps": 28.34337610807664,
        "p99_ms": 272.1660194010473,
        "pages_total_mean": 27348.75,
        "pages_hit_mean": 27348.75,
        "pages_read_mean": 0.0
      },
      "5": {
        "recall_mean": 1.0,
        "recall_min": 1.0,
        "qps": 124.19509118880026,
        "p99_ms": 251.46818192908538,
        "pages_total_mean": 12726.2,
        "pages_hit_mean": 12726.2,
        "pages_read_mean": 0.0
      },
      "10": {
        "recall_mean": 1.0,
        "recall_min": 1.0,
        "qps": 105.89297186744206,
        "p99_ms": 254.98461789684362,
        "pages_total_mean": 7919.35,
        "pages_hit_mean": 7919.35,
        "pages_read_mean": 0.0
      },
      "40": {
        "recall_mean": 0.982,
        "recall_min": 0.9,
        "qps": 282.18593295172417,
        "p99_ms": 138.53759773424795,
        "pages_total_mean": 1244.15,
        "pages_hit_mean": 1244.15,
        "pages_read_mean": 0.0
      },
      "80": {
        "recall_mean": 0.9740000000000001,
        "recall_min": 0.8,
        "qps": 450.3146001959371,
        "p99_ms": 66.67213845998025,
        "pages_total_mean": 1230.4,
        "pages_hit_mean": 1230.4,
        "pages_read_mean": 0.0
      }
    }
  },
  "pg_acorn_tier2_g1": {
    "a": {
      "1": {
        "recall_mean": 1.0,
        "recall_min": 1.0,
        "qps": 11.330092560654805,
        "p99_ms": 362.23509490839206,
        "pages_total_mean": 63000.0,
        "pages_hit_mean": 63000.0,
        "pages_read_mean": 0.0
      },
      "5": {
        "recall_mean": 0.98,
        "recall_min": 0.9,
        "qps": 45.436014003595744,
        "p99_ms": 342.4318985047283,
        "pages_total_mean": 22819.55,
        "pages_hit_mean": 22819.55,
        "pages_read_mean": 0.0
      },
      "10": {
        "recall_mean": 0.9219999999999999,
        "recall_min": 0.6,
        "qps": 81.99389782772536,
        "p99_ms": 233.2430174842011,
        "pages_total_mean": 13027.4,
        "pages_hit_mean": 13027.4,
        "pages_read_mean": 0.0
      },
      "40": {
        "recall_mean": 0.9239999999999999,
        "recall_min": 0.8,
        "qps": 255.05254073354448,
        "p99_ms": 153.60236542997825,
        "pages_total_mean": 2403.05,
        "pages_hit_mean": 2403.05,
        "pages_read_mean": 0.0
      },
      "80": {
        "recall_mean": 0.9499999999999998,
        "recall_min": 0.8,
        "qps": 312.27234555116576,
        "p99_ms": 105.7648921606593,
        "pages_total_mean": 2388.9,
        "pages_hit_mean": 2388.9,
        "pages_read_mean": 0.0
      }
    }
  },
  "pg_acorn_tier2_g2": {
    "a": {
      "1": {
        "recall_mean": 1.0,
        "recall_min": 1.0,
        "qps": 46.87196146103723,
        "p99_ms": 342.2691541642415,
        "pages_total_mean": 371.0,
        "pages_hit_mean": 371.0,
        "pages_read_mean": 0.0
      },
      "5": {
        "recall_mean": 0.992,
        "recall_min": 0.9,
        "qps": 27.821811617304405,
        "p99_ms": 415.7886402111033,
        "pages_total_mean": 35922.0,
        "pages_hit_mean": 35922.0,
        "pages_read_mean": 0.0
      },
      "10": {
        "recall_mean": 0.996,
        "recall_min": 0.9,
        "qps": 73.46443542867868,
        "p99_ms": 271.16028412827245,
        "pages_total_mean": 20969.5,
        "pages_hit_mean": 20969.5,
        "pages_read_mean": 0.0
      },
      "40": {
        "recall_mean": 0.9719999999999999,
        "recall_min": 0.8,
        "qps": 177.3556564472695,
        "p99_ms": 230.0674430630161,
        "pages_total_mean": 4185.55,
        "pages_hit_mean": 4185.55,
        "pages_read_mean": 0.0
      },
      "80": {
        "recall_mean": 0.9760000000000001,
        "recall_min": 0.8,
        "qps": 291.421736222917,
        "p99_ms": 118.4098954882934,
        "pages_total_mean": 4171.8,
        "pages_hit_mean": 4171.8,
        "pages_read_mean": 0.0
      }
    }
  }
}