{
  "pgvector": {
    "a": {
      "1": {
        "recall_mean": 1.0,
        "recall_min": 1.0,
        "qps": 2.6047276697573443,
        "p99_ms": 811.6811509174321,
        "pages_total_mean": 58056.75,
        "pages_hit_mean": 58056.75,
        "pages_read_mean": 0.0,
        "plan": "Custom Scan"
      },
      "5": {
        "recall_mean": 1.0,
        "recall_min": 1.0,
        "qps": 11.911109500617007,
        "p99_ms": 398.33603070001124,
        "pages_total_mean": 15523.5,
        "pages_hit_mean": 15523.5,
        "pages_read_mean": 0.0,
        "plan": "Custom Scan"
      },
      "10": {
        "recall_mean": 1.0,
        "recall_min": 1.0,
        "qps": 25.602194217289625,
        "p99_ms": 311.21044458239345,
        "pages_total_mean": 8680.5,
        "pages_hit_mean": 8680.5,
        "pages_read_mean": 0.0,
        "plan": "Custom Scan"
      },
      "40": {
        "recall_mean": 0.9740000000000001,
        "recall_min": 0.6,
        "qps": 186.35790855181745,
        "p99_ms": 31.375079723076382,
        "pages_total_mean": 1437.75,
        "pages_hit_mean": 1437.75,
        "pages_read_mean": 0.0,
        "plan": "Index Scan"
      },
      "80": {
        "recall_mean": 0.9490000000000001,
        "recall_min": 0.1,
        "qps": 61.50606171603074,
        "p99_ms": 154.89348466973763,
        "pages_total_mean": 1425.35,
        "pages_hit_mean": 1425.35,
        "pages_read_mean": 0.0,
        "plan": "Index Scan"
      }
    },
    "b": {
      "1": {
        "recall_mean": 0.042,
        "avg_returned": 0.48,
        "topk_guaranteed": false
      },
      "2": {
        "recall_mean": 0.092,
        "avg_returned": 1.08,
        "topk_guaranteed": false
      },
      "5": {
        "recall_mean": 0.21600000000000003,
        "avg_returned": 2.5,
        "topk_guaranteed": false
      },
      "10": {
        "recall_mean": 0.37599999999999995,
        "avg_returned": 4.98,
        "topk_guaranteed": false
      },
      "50": {
        "recall_mean": 0.7020000000000001,
        "avg_returned": 10.0,
        "topk_guaranteed": true
      }
    },
    "c": {
      "rounds": [
        {
          "label": "baseline",
          "recall_mean": 1.0,
          "recall_min": 1.0
        },
        {
          "label": "+500",
          "recall_mean": 1.0,
          "recall_min": 1.0
        },
        {
          "label": "+1000",
          "recall_mean": 1.0,
          "recall_min": 1.0
        },
        {
          "label": "+1500",
          "recall_mean": 1.0,
          "recall_min": 1.0
        },
        {
          "label": "+2000",
          "recall_mean": 1.0,
          "recall_min": 1.0
        }
      ]
    },
    "d": {
      "low": {
        "correlation": "low",
        "recall_mean": 0.41400000000000003,
        "recall_min": 0.0,
        "avg_returned": 4.2
      },
      "high": {
        "correlation": "high",
        "recall_mean": 0.36200000000000004,
        "recall_min": 0.1,
        "avg_returned": 3.64
      }
    }
  },
  "pg_acorn_tier1_g1": {
    "a": {
      "1": {
        "recall_mean": 1.0,
        "recall_min": 1.0,
        "qps": 3.353773494520235,
        "p99_ms": 691.786415100797,
        "pages_total_mean": 59010.35,
        "pages_hit_mean": 59010.35,
        "pages_read_mean": 0.0,
        "plan": "Custom Scan"
      },
      "5": {
        "recall_mean": 1.0,
        "recall_min": 1.0,
        "qps": 11.942768440770928,
        "p99_ms": 410.6437077105518,
        "pages_total_mean": 15801.85,
        "pages_hit_mean": 15801.85,
        "pages_read_mean": 0.0,
        "plan": "Custom Scan"
      },
      "10": {
        "recall_mean": 1.0,
        "recall_min": 1.0,
        "qps": 24.296091936542854,
        "p99_ms": 391.23721742420634,
        "pages_total_mean": 8801.05,
        "pages_hit_mean": 8801.05,
        "pages_read_mean": 0.0,
        "plan": "Custom Scan"
      },
      "40": {
        "recall_mean": 0.975,
        "recall_min": 0.8,
        "qps": 95.99277321743426,
        "p99_ms": 177.2004058316822,
        "pages_total_mean": 1390.5,
        "pages_hit_mean": 1390.5,
        "pages_read_mean": 0.0,
        "plan": "Index Scan"
      },
      "80": {
        "recall_mean": 0.9740000000000001,
        "recall_min": 0.7,
        "qps": 73.70930109971317,
        "p99_ms": 228.23217835510175,
        "pages_total_mean": 1378.75,
        "pages_hit_mean": 1378.75,
        "pages_read_mean": 0.0,
        "plan": "Index Scan"
      }
    },
    "c": {
      "rounds": [
        {
          "label": "baseline",
          "recall_mean": 1.0,
          "recall_min": 1.0
        },
        {
          "label": "+500",
          "recall_mean": 1.0,
          "recall_min": 1.0
        },
        {
          "label": "+1000",
          "recall_mean": 1.0,
          "recall_min": 1.0
        },
        {
          "label": "+1500",
          "recall_mean": 1.0,
          "recall_min": 1.0
        },
        {
          "label": "+2000",
          "recall_mean": 1.0,
          "recall_min": 1.0
        }
      ]
    },
    "d": {
      "low": {
        "correlation": "low",
        "recall_mean": 0.4180000000000001,
        "recall_min": 0.0,
        "avg_returned": 4.2
      },
      "high": {
        "correlation": "high",
        "recall_mean": 0.35600000000000004,
        "recall_min": 0.1,
        "avg_returned": 3.58
      }
    }
  },
  "pg_acorn_tier2_g1": {
    "a": {
      "1": {
        "recall_mean": 0.9130000000000001,
        "recall_min": 0.6,
        "qps": 4.643447938615565,
        "p99_ms": 599.6913255110854,
        "pages_total_mean": 20593.0,
        "pages_hit_mean": 20593.0,
        "pages_read_mean": 0.0,
        "plan": "Index Scan"
      },
      "5": {
        "recall_mean": 0.6609999999999999,
        "recall_min": 0.3,
        "qps": 12.51983568835824,
        "p99_ms": 708.7047611398167,
        "pages_total_mean": 5901.15,
        "pages_hit_mean": 5901.15,
        "pages_read_mean": 0.0,
        "plan": "Index Scan"
      },
      "10": {
        "recall_mean": 0.623,
        "recall_min": 0.2,
        "qps": 37.00301296049082,
        "p99_ms": 275.2575430960866,
        "pages_total_mean": 3176.0,
        "pages_hit_mean": 3176.0,
        "pages_read_mean": 0.0,
        "plan": "Index Scan"
      },
      "40": {
        "recall_mean": 0.6699999999999998,
        "recall_min": 0.1,
        "qps": 127.92405702025017,
        "p99_ms": 146.34575013420604,
        "pages_total_mean": 954.3,
        "pages_hit_mean": 954.3,
        "pages_read_mean": 0.0,
        "plan": "Index Scan"
      },
      "80": {
        "recall_mean": 0.635,
        "recall_min": 0.0,
        "qps": 186.0368568051182,
        "p99_ms": 97.20352368312933,
        "pages_total_mean": 564.6,
        "pages_hit_mean": 564.6,
        "pages_read_mean": 0.0,
        "plan": "Index Scan"
      }
    },
    "c": {
      "rounds": [
        {
          "label": "baseline",
          "recall_mean": 1.0,
          "recall_min": 1.0
        },
        {
          "label": "+500",
          "recall_mean": 1.0,
          "recall_min": 1.0
        },
        {
          "label": "+1000",
          "recall_mean": 1.0,
          "recall_min": 1.0
        },
        {
          "label": "+1500",
          "recall_mean": 1.0,
          "recall_min": 1.0
        },
        {
          "label": "+2000",
          "recall_mean": 1.0,
          "recall_min": 1.0
        }
      ]
    },
    "d": {
      "low": {
        "correlation": "low",
        "recall_mean": 0.63,
        "recall_min": 0.2,
        "avg_returned": 10.0
      },
      "high": {
        "correlation": "high",
        "recall_mean": 0.5859999999999999,
        "recall_min": 0.3,
        "avg_returned": 10.0
      }
    }
  },
  "pg_acorn_tier2_g2": {
    "a": {
      "1": {
        "recall_mean": 0.9860000000000002,
        "recall_min": 0.9,
        "qps": 3.1461161741541894,
        "p99_ms": 847.6015803078194,